first_name	last_name	address_line_one	address_line_two	city	state	zip	phone	email	custom_fields
Dwight	Schrute	1725 Slough Ave		Scranton	PA	18540	5551238069	dwight@Dundermiflin.com	{'notes': {'label': 'notes', 'value': 'DunnderMiflin'}}
Pam	Halpert	1725 Slough Ave		Scranton	PA	18540	5551238069	pam@Dundermiflin.com	{'notes': {'label': 'notes', 'value': ''}}
Michael	Scott	1725 Slough Ave		Scranton	PA	18540	5551238069	michael@Dundermiflin.com	{'notes': {'label': 'notes', 'value': ''}}
Jim	Halpert	1725 Slough Ave		Scranton	PA	18540	5551238069	jim@Dundermiflin.com	{'notes': {'label': 'notes', 'value': ''}}
Kevin	Malone	1725 Slough Ave		Scranton	PA	18540	5551238069	kevin@Dundermiflin.com	{'notes': {'label': 'notes', 'value': ''}}
Angela	Martin	1725 Slough Ave		Scranton	PA	18540	5551238069	angela@Dundermiflin.com	{'notes': {'label': 'notes', 'value': ''}}
Andy	Bernard	1725 Slough Ave		Scranton	PA	18540	5551238069	andy@Dundermiflin.com	{'notes': {'label': 'notes', 'value': ''}}
Erin	Hannon	1725 Slough Ave		Scranton	PA	18540	5551238069	erin@Dundermiflin.com	{'notes': {'label': 'notes', 'value': ''}}
Toby	Flenderson	1725 Slough Ave		Scranton	PA	18540	5551238069	toby@Dundermiflin.com	{'notes': {'label': 'notes', 'value': ''}}
Creed	Bratton	1725 Slough Ave		Scranton	PA	18540	5551238069	creed@Dundermiflin.com	{'notes': {'label': 'notes', 'value': ''}}
Ryan	Howard	1725 Slough Ave		Scranton	PA	18540	5551238069	ryan@Dundermiflin.com	{'notes': {'label': 'notes', 'value': ''}}
Meredith	Palmer	1725 Slough Ave		Scranton	PA	18540	5551238069	meredith@Dundermiflin.com	{'notes': {'label': 'notes', 'value': ''}}
Jan	Levinson	1725 Slough Ave		Scranton	PA	18540	5551238069	jan@Dundermiflin.com	{'notes': {'label': 'notes', 'value': ''}}
Stanley	Hudson	1725 Slough Ave		Scranton	PA	18540	5551238069	stanley@Dundermiflin.com	{'notes': {'label': 'notes', 'value': ''}}
Kelly	Kapoor	1725 Slough Ave		Scranton	PA	18540	5551238069	kelly@Dundermiflin.com	{'notes': {'label': 'notes', 'value': ''}}
Holly	Flax	1725 Slough Ave		Scranton	PA	18540	5551238069	holly@Dundermiflin.com	{'notes': {'label': 'notes', 'value': ''}}
Gabe	Lewis	1725 Slough Ave		Scranton	PA	18540	5551238069	gabe@Dundermiflin.com	{'notes': {'label': 'notes', 'value': ''}}
Nellie	Bertram	1725 Slough Ave		Scranton	PA	18540	5551238069	nellie@Dundermiflin.com	{'notes': {'label': 'notes', 'value': ''}}
Darryl	Philbin	1725 Slough Ave		Scranton	PA	18540	5551238069	darryl@Dundermiflin.com	{'notes': {'label': 'notes', 'value': ''}}
Phyllis	Vance	1725 Slough Ave		Scranton	PA	18540	5551238069	phyllis@Dundermiflin.com	{'notes': {'label': 'notes', 'value': ''}}
Bob	Vance	1725 Slough Ave		Scranton	PA	18541	5551238070	bob@vancerefrigeration.com	{'notes': {'label': 'notes', 'value': ''}}
Oscar	Martinez	1725 Slough Ave		Scranton	PA	18542	5551238071	oscar@Dundermiflin.com	{'notes': {'label': 'notes', 'value': ''}}
Daventry_id	Wallace	1725 Slough Ave		Scranton	PA	18543	5551238072	daventry_id@Dundermiflin.com	{'notes': {'label': 'notes', 'value': ''}}
